win,lose,probability,,,,Visitor/Neutral,PTS,Home/Neutral,PTS,,Wteam,Agree,sum,total,accuracy
Brooklyn Nets,Golden State Warriors,0.70788345,,,,Golden State Warriors,99,Brooklyn Nets,125,,Brooklyn Nets,1,241,425,0.567058824
Los Angeles Lakers,Los Angeles Clippers,0.558645129,,,,Los Angeles Clippers,116,Los Angeles Lakers,109,,Los Angeles Clippers,0,,,
Charlotte Hornets,Cleveland Cavaliers,0.713793561,,,,Charlotte Hornets,114,Cleveland Cavaliers,121,,Cleveland Cavaliers,0,,,
Indiana Pacers,New York Knicks,0.692242362,,,,New York Knicks,107,Indiana Pacers,121,,Indiana Pacers,1,,,
Miami Heat,Orlando Magic,0.79245431,,,,Miami Heat,107,Orlando Magic,113,,Orlando Magic,0,,,
Philadelphia 76ers,Washington Wizards,0.760133647,,,,Washington Wizards,107,Philadelphia 76ers,113,,Philadelphia 76ers,1,,,
Toronto Raptors,New Orleans Pelicans,0.787253946,,,,New Orleans Pelicans,113,Toronto Raptors,99,,New Orleans Pelicans,0,,,
Boston Celtics,Milwaukee Bucks,0.510290261,,,,Milwaukee Bucks,121,Boston Celtics,122,,Boston Celtics,1,,,
Chicago Bulls,Atlanta Hawks,0.500519037,,,,Atlanta Hawks,124,Chicago Bulls,104,,Atlanta Hawks,0,,,
San Antonio Spurs,Memphis Grizzlies,0.700459209,,,,San Antonio Spurs,131,Memphis Grizzlies,119,,San Antonio Spurs,1,,,
Detroit Pistons,Minnesota Timberwolves,0.593266397,,,,Detroit Pistons,101,Minnesota Timberwolves,111,,Minnesota Timberwolves,0,,,
Denver Nuggets,Sacramento Kings,0.674251825,,,,Sacramento Kings,124,Denver Nuggets,122,,Sacramento Kings,0,,,
Utah Jazz,Portland Trail Blazers,0.593376801,,,,Utah Jazz,120,Portland Trail Blazers,100,,Utah Jazz,1,,,
Dallas Mavericks,Phoenix Suns,0.656692133,,,,Dallas Mavericks,102,Phoenix Suns,106,,Phoenix Suns,0,,,
Miami Heat,New Orleans Pelicans,0.763315499,,,,New Orleans Pelicans,98,Miami Heat,111,,Miami Heat,1,,,
Milwaukee Bucks,Golden State Warriors,0.859214781,,,,Golden State Warriors,99,Milwaukee Bucks,138,,Milwaukee Bucks,1,,,
Boston Celtics,Brooklyn Nets,0.687833444,,,,Brooklyn Nets,123,Boston Celtics,95,,Brooklyn Nets,0,,,
Los Angeles Lakers,Dallas Mavericks,0.647927057,,,,Dallas Mavericks,115,Los Angeles Lakers,138,,Los Angeles Lakers,1,,,
Los Angeles Clippers,Denver Nuggets,0.531853132,,,,Los Angeles Clippers,121,Denver Nuggets,108,,Los Angeles Clippers,1,,,
Memphis Grizzlies,Atlanta Hawks,0.659488904,,,,Atlanta Hawks,122,Memphis Grizzlies,112,,Atlanta Hawks,0,,,
Oklahoma City Thunder,Charlotte Hornets,0.776240126,,,,Oklahoma City Thunder,109,Charlotte Hornets,107,,Oklahoma City Thunder,1,,,
Cleveland Cavaliers,Detroit Pistons,0.575606529,,,,Cleveland Cavaliers,128,Detroit Pistons,119,,Cleveland Cavaliers,1,,,
Orlando Magic,Washington Wizards,0.728328008,,,,Orlando Magic,130,Washington Wizards,120,,Orlando Magic,1,,,
Philadelphia 76ers,New York Knicks,0.888908959,,,,Philadelphia 76ers,109,New York Knicks,89,,Philadelphia 76ers,1,,,
Indiana Pacers,Chicago Bulls,0.767834164,,,,Indiana Pacers,125,Chicago Bulls,106,,Indiana Pacers,1,,,
Toronto Raptors,San Antonio Spurs,0.690620571,,,,Toronto Raptors,114,San Antonio Spurs,119,,San Antonio Spurs,0,,,
Utah Jazz,Minnesota Timberwolves,0.783419452,,,,Minnesota Timberwolves,116,Utah Jazz,111,,Minnesota Timberwolves,0,,,
Houston Rockets,Portland Trail Blazers,0.605713732,,,,Houston Rockets,126,Portland Trail Blazers,128,,Portland Trail Blazers,0,,,
Sacramento Kings,Phoenix Suns,0.543825645,,,,Phoenix Suns,103,Sacramento Kings,106,,Sacramento Kings,1,,,
Los Angeles Clippers,Dallas Mavericks,0.621262867,,,,Dallas Mavericks,124,Los Angeles Clippers,73,,Dallas Mavericks,0,,,
San Antonio Spurs,New Orleans Pelicans,0.769568145,,,,San Antonio Spurs,95,New Orleans Pelicans,98,,New Orleans Pelicans,0,,,
Orlando Magic,Washington Wizards,0.728328008,,,,Orlando Magic,120,Washington Wizards,113,,Orlando Magic,1,,,
Brooklyn Nets,Charlotte Hornets,0.711128242,,,,Brooklyn Nets,104,Charlotte Hornets,106,,Charlotte Hornets,0,,,
Philadelphia 76ers,Cleveland Cavaliers,0.918156391,,,,Philadelphia 76ers,94,Cleveland Cavaliers,118,,Cleveland Cavaliers,0,,,
Milwaukee Bucks,New York Knicks,0.859055061,,,,Milwaukee Bucks,110,New York Knicks,130,,New York Knicks,0,,,
Boston Celtics,Indiana Pacers,0.566601621,,,,Boston Celtics,107,Indiana Pacers,108,,Indiana Pacers,0,,,
Golden State Warriors,Chicago Bulls,0.505105541,,,,Golden State Warriors,129,Chicago Bulls,128,,Golden State Warriors,1,,,
Sacramento Kings,Phoenix Suns,0.543825645,,,,Phoenix Suns,116,Sacramento Kings,100,,Phoenix Suns,0,,,
Los Angeles Lakers,Minnesota Timberwolves,0.869708226,,,,Minnesota Timberwolves,91,Los Angeles Lakers,127,,Los Angeles Lakers,1,,,
Brooklyn Nets,Memphis Grizzlies,0.569011392,,,,Memphis Grizzlies,116,Brooklyn Nets,111,,Memphis Grizzlies,0,,,
Detroit Pistons,Atlanta Hawks,0.618836046,,,,Detroit Pistons,120,Atlanta Hawks,128,,Atlanta Hawks,0,,,
Utah Jazz,Oklahoma City Thunder,0.55163171,,,,Utah Jazz,110,Oklahoma City Thunder,109,,Utah Jazz,1,,,
Denver Nuggets,Houston Rockets,0.515326004,,,,Houston Rockets,111,Denver Nuggets,124,,Denver Nuggets,1,,,
Los Angeles Lakers,Portland Trail Blazers,0.629075778,,,,Portland Trail Blazers,115,Los Angeles Lakers,107,,Portland Trail Blazers,0,,,
New York Knicks,Cleveland Cavaliers,0.747208679,,,,New York Knicks,95,Cleveland Cavaliers,86,,New York Knicks,1,,,
Golden State Warriors,Detroit Pistons,0.583854249,,,,Golden State Warriors,116,Detroit Pistons,106,,Golden State Warriors,1,,,
Boston Celtics,Indiana Pacers,0.566601621,,,,Boston Celtics,116,Indiana Pacers,111,,Boston Celtics,1,,,
Chicago Bulls,Washington Wizards,0.654965171,,,,Chicago Bulls,115,Washington Wizards,107,,Chicago Bulls,1,,,
Toronto Raptors,Philadelphia 76ers,0.570338512,,,,Toronto Raptors,93,Philadelphia 76ers,100,,Philadelphia 76ers,0,,,
Miami Heat,Milwaukee Bucks,0.533734704,,,,Milwaukee Bucks,144,Miami Heat,97,,Milwaukee Bucks,0,,,
Oklahoma City Thunder,Orlando Magic,0.605525575,,,,Orlando Magic,118,Oklahoma City Thunder,107,,Orlando Magic,0,,,
Phoenix Suns,New Orleans Pelicans,0.530510992,,,,New Orleans Pelicans,86,Phoenix Suns,111,,Phoenix Suns,1,,,
Denver Nuggets,Sacramento Kings,0.72173655,,,,Denver Nuggets,115,Sacramento Kings,125,,Sacramento Kings,0,,,
Los Angeles Clippers,Minnesota Timberwolves,0.856110472,,,,Minnesota Timberwolves,101,Los Angeles Clippers,124,,Los Angeles Clippers,1,,,
Miami Heat,Milwaukee Bucks,0.533734704,,,,Milwaukee Bucks,108,Miami Heat,119,,Miami Heat,1,,,
Brooklyn Nets,Atlanta Hawks,0.712514046,,,,Atlanta Hawks,141,Brooklyn Nets,145,,Brooklyn Nets,1,,,
Boston Celtics,Memphis Grizzlies,0.747390263,,,,Memphis Grizzlies,107,Boston Celtics,126,,Boston Celtics,1,,,
Dallas Mavericks,Charlotte Hornets,0.719184744,,,,Charlotte Hornets,118,Dallas Mavericks,99,,Charlotte Hornets,0,,,
Los Angeles Lakers,San Antonio Spurs,0.700389414,,,,Los Angeles Lakers,121,San Antonio Spurs,107,,Los Angeles Lakers,1,,,
Los Angeles Clippers,Portland Trail Blazers,0.601861183,,,,Portland Trail Blazers,105,Los Angeles Clippers,128,,Los Angeles Clippers,1,,,
Indiana Pacers,Cleveland Cavaliers,0.807486871,,,,Cleveland Cavaliers,99,Indiana Pacers,119,,Indiana Pacers,1,,,
Chicago Bulls,Washington Wizards,0.654965171,,,,Chicago Bulls,133,Washington Wizards,130,,Chicago Bulls,1,,,
Philadelphia 76ers,Orlando Magic,0.812915891,,,,Philadelphia 76ers,116,Orlando Magic,92,,Philadelphia 76ers,1,,,
Houston Rockets,Sacramento Kings,0.703733744,,,,Sacramento Kings,119,Houston Rockets,122,,Houston Rockets,1,,,
Toronto Raptors,New York Knicks,0.791542546,,,,New York Knicks,83,Toronto Raptors,100,,Toronto Raptors,1,,,
Oklahoma City Thunder,New Orleans Pelicans,0.667632419,,,,New Orleans Pelicans,113,Oklahoma City Thunder,80,,New Orleans Pelicans,0,,,
Utah Jazz,Phoenix Suns,0.727027962,,,,Phoenix Suns,106,Utah Jazz,95,,Phoenix Suns,0,,,
Memphis Grizzlies,Charlotte Hornets,0.647059335,,,,Memphis Grizzlies,108,Charlotte Hornets,93,,Memphis Grizzlies,1,,,
Miami Heat,Dallas Mavericks,0.606821225,,,,Miami Heat,83,Dallas Mavericks,93,,Dallas Mavericks,0,,,
Boston Celtics,Detroit Pistons,0.881480444,,,,Boston Celtics,93,Detroit Pistons,96,,Detroit Pistons,0,,,
Brooklyn Nets,Atlanta Hawks,0.712514046,,,,Atlanta Hawks,114,Brooklyn Nets,96,,Atlanta Hawks,0,,,
Milwaukee Bucks,Chicago Bulls,0.78073688,,,,Chicago Bulls,96,Milwaukee Bucks,126,,Milwaukee Bucks,1,,,
Washington Wizards,Minnesota Timberwolves,0.691069007,,,,Washington Wizards,130,Minnesota Timberwolves,109,,Washington Wizards,1,,,
Los Angeles Lakers,San Antonio Spurs,0.700389414,,,,Los Angeles Lakers,109,San Antonio Spurs,103,,Los Angeles Lakers,1,,,
Denver Nuggets,Phoenix Suns,0.77364714,,,,Phoenix Suns,106,Denver Nuggets,103,,Phoenix Suns,0,,,
Los Angeles Clippers,Utah Jazz,0.593151873,,,,Los Angeles Clippers,100,Utah Jazz,106,,Utah Jazz,0,,,
Portland Trail Blazers,Golden State Warriors,0.91573828,,,,Portland Trail Blazers,123,Golden State Warriors,98,,Portland Trail Blazers,1,,,
Houston Rockets,Sacramento Kings,0.703733744,,,,Sacramento Kings,94,Houston Rockets,102,,Houston Rockets,1,,,
Indiana Pacers,New York Knicks,0.692242362,,,,New York Knicks,106,Indiana Pacers,102,,New York Knicks,0,,,
Oklahoma City Thunder,Orlando Magic,0.688059704,,,,Oklahoma City Thunder,108,Orlando Magic,99,,Oklahoma City Thunder,1,,,
Philadelphia 76ers,Charlotte Hornets,0.764218856,,,,Charlotte Hornets,112,Philadelphia 76ers,127,,Philadelphia 76ers,1,,,
Cleveland Cavaliers,Atlanta Hawks,0.607417685,,,,Cleveland Cavaliers,96,Atlanta Hawks,91,,Cleveland Cavaliers,1,,,
Toronto Raptors,New Orleans Pelicans,0.831520184,,,,Toronto Raptors,116,New Orleans Pelicans,120,,New Orleans Pelicans,0,,,
Boston Celtics,Detroit Pistons,0.881480444,,,,Boston Celtics,122,Detroit Pistons,120,,Boston Celtics,1,,,
Brooklyn Nets,Washington Wizards,0.609021771,,,,Washington Wizards,123,Brooklyn Nets,122,,Washington Wizards,0,,,
Los Angeles Lakers,Memphis Grizzlies,0.783500183,,,,Los Angeles Lakers,108,Memphis Grizzlies,94,,Los Angeles Lakers,1,,,
Denver Nuggets,Minnesota Timberwolves,0.869390235,,,,Denver Nuggets,124,Minnesota Timberwolves,109,,Denver Nuggets,1,,,
Utah Jazz,San Antonio Spurs,0.609282722,,,,Utah Jazz,130,San Antonio Spurs,109,,Utah Jazz,1,,,
Dallas Mavericks,Chicago Bulls,0.803180081,,,,Dallas Mavericks,108,Chicago Bulls,118,,Chicago Bulls,0,,,
Los Angeles Clippers,Phoenix Suns,0.735529756,,,,Los Angeles Clippers,112,Phoenix Suns,107,,Los Angeles Clippers,1,,,
Portland Trail Blazers,Golden State Warriors,0.91573828,,,,Portland Trail Blazers,122,Golden State Warriors,137,,Golden State Warriors,0,,,
Orlando Magic,Cleveland Cavaliers,0.619599086,,,,Cleveland Cavaliers,83,Orlando Magic,103,,Orlando Magic,1,,,
Philadelphia 76ers,Charlotte Hornets,0.764218856,,,,Charlotte Hornets,101,Philadelphia 76ers,118,,Philadelphia 76ers,1,,,
New York Knicks,Atlanta Hawks,0.742615881,,,,New York Knicks,113,Atlanta Hawks,108,,New York Knicks,1,,,
Miami Heat,Oklahoma City Thunder,0.632037715,,,,Oklahoma City Thunder,90,Miami Heat,118,,Miami Heat,1,,,
Toronto Raptors,Boston Celtics,0.563560769,,,,Boston Celtics,126,Toronto Raptors,114,,Boston Celtics,0,,,
Houston Rockets,Dallas Mavericks,0.594922249,,,,Dallas Mavericks,113,Houston Rockets,100,,Dallas Mavericks,0,,,
Milwaukee Bucks,Detroit Pistons,0.857477574,,,,Detroit Pistons,115,Milwaukee Bucks,125,,Milwaukee Bucks,1,,,
Indiana Pacers,New Orleans Pelicans,0.709626215,,,,Indiana Pacers,118,New Orleans Pelicans,116,,Indiana Pacers,1,,,
Sacramento Kings,Golden State Warriors,0.860964898,,,,Sacramento Kings,106,Golden State Warriors,137,,Golden State Warriors,0,,,
Utah Jazz,Brooklyn Nets,0.653558638,,,,Utah Jazz,96,Brooklyn Nets,130,,Brooklyn Nets,0,,,
Los Angeles Lakers,Memphis Grizzlies,0.783500183,,,,Los Angeles Lakers,94,Memphis Grizzlies,92,,Los Angeles Lakers,1,,,
Denver Nuggets,Minnesota Timberwolves,0.822755789,,,,Minnesota Timberwolves,116,Denver Nuggets,123,,Denver Nuggets,1,,,
Los Angeles Clippers,San Antonio Spurs,0.596950509,,,,San Antonio Spurs,116,Los Angeles Clippers,113,,San Antonio Spurs,0,,,
Portland Trail Blazers,Chicago Bulls,0.64636176,,,,Chicago Bulls,111,Portland Trail Blazers,108,,Chicago Bulls,0,,,
Houston Rockets,Indiana Pacers,0.542726287,,,,Houston Rockets,107,Indiana Pacers,114,,Indiana Pacers,0,,,
Orlando Magic,Cleveland Cavaliers,0.619599086,,,,Cleveland Cavaliers,94,Orlando Magic,105,,Orlando Magic,1,,,
Philadelphia 76ers,Washington Wizards,0.760133647,,,,Washington Wizards,136,Philadelphia 76ers,141,,Philadelphia 76ers,1,,,
Charlotte Hornets,Atlanta Hawks,0.708830238,,,,Charlotte Hornets,102,Atlanta Hawks,94,,Charlotte Hornets,1,,,
Miami Heat,Boston Celtics,0.529495161,,,,Boston Celtics,107,Miami Heat,105,,Boston Celtics,0,,,
Utah Jazz,New York Knicks,0.842430736,,,,Utah Jazz,100,New York Knicks,112,,New York Knicks,0,,,
Milwaukee Bucks,Detroit Pistons,0.857477574,,,,Detroit Pistons,115,Milwaukee Bucks,130,,Milwaukee Bucks,1,,,
Oklahoma City Thunder,New Orleans Pelicans,0.72370777,,,,Oklahoma City Thunder,111,New Orleans Pelicans,110,,Oklahoma City Thunder,1,,,
Toronto Raptors,Phoenix Suns,0.757916413,,,,Toronto Raptors,115,Phoenix Suns,123,,Phoenix Suns,0,,,
Los Angeles Clippers,Golden State Warriors,0.935739481,,,,Los Angeles Clippers,108,Golden State Warriors,101,,Los Angeles Clippers,1,,,
Sacramento Kings,Chicago Bulls,0.51011642,,,,Chicago Bulls,124,Sacramento Kings,128,,Sacramento Kings,1,,,
Philadelphia 76ers,Brooklyn Nets,0.738451779,,,,Philadelphia 76ers,109,Brooklyn Nets,122,,Brooklyn Nets,0,,,
Memphis Grizzlies,Cleveland Cavaliers,0.662033848,,,,Cleveland Cavaliers,94,Memphis Grizzlies,90,,Cleveland Cavaliers,0,,,
Denver Nuggets,Dallas Mavericks,0.561361442,,,,Dallas Mavericks,124,Denver Nuggets,117,,Dallas Mavericks,0,,,
Los Angeles Lakers,San Antonio Spurs,0.624291233,,,,San Antonio Spurs,118,Los Angeles Lakers,109,,San Antonio Spurs,0,,,
Portland Trail Blazers,Minnesota Timberwolves,0.739713003,,,,Minnesota Timberwolves,117,Portland Trail Blazers,135,,Portland Trail Blazers,1,,,
Phoenix Suns,Detroit Pistons,0.677466078,,,,Phoenix Suns,105,Detroit Pistons,110,,Detroit Pistons,0,,,
Boston Celtics,Washington Wizards,0.777321511,,,,Washington Wizards,107,Boston Celtics,116,,Boston Celtics,1,,,
Charlotte Hornets,New Orleans Pelicans,0.534260484,,,,Charlotte Hornets,118,New Orleans Pelicans,110,,Charlotte Hornets,1,,,
Oklahoma City Thunder,New York Knicks,0.802443879,,,,Oklahoma City Thunder,101,New York Knicks,89,,Oklahoma City Thunder,1,,,
Houston Rockets,Orlando Magic,0.70810153,,,,Orlando Magic,90,Houston Rockets,132,,Houston Rockets,1,,,
Brooklyn Nets,Memphis Grizzlies,0.565501702,,,,Brooklyn Nets,110,Memphis Grizzlies,115,,Memphis Grizzlies,0,,,
Milwaukee Bucks,Utah Jazz,0.571736164,,,,Utah Jazz,131,Milwaukee Bucks,118,,Utah Jazz,0,,,
Los Angeles Clippers,Golden State Warriors,0.935739481,,,,Los Angeles Clippers,105,Golden State Warriors,115,,Golden State Warriors,0,,,
Los Angeles Lakers,Chicago Bulls,0.8110717,,,,Chicago Bulls,115,Los Angeles Lakers,117,,Los Angeles Lakers,1,,,
Toronto Raptors,Sacramento Kings,0.78571383,,,,Toronto Raptors,144,Sacramento Kings,123,,Toronto Raptors,1,,,
Philadelphia 76ers,Denver Nuggets,0.515733807,,,,Denver Nuggets,115,Philadelphia 76ers,103,,Denver Nuggets,0,,,
Charlotte Hornets,Atlanta Hawks,0.505916918,,,,Atlanta Hawks,105,Charlotte Hornets,113,,Charlotte Hornets,1,,,
Indiana Pacers,Phoenix Suns,0.73034518,,,,Phoenix Suns,125,Indiana Pacers,117,,Phoenix Suns,0,,,
Miami Heat,Washington Wizards,0.869426404,,,,Miami Heat,128,Washington Wizards,124,,Miami Heat,1,,,
Milwaukee Bucks,Cleveland Cavaliers,0.863260163,,,,Cleveland Cavaliers,90,Milwaukee Bucks,100,,Milwaukee Bucks,1,,,
San Antonio Spurs,Minnesota Timberwolves,0.86426808,,,,San Antonio Spurs,125,Minnesota Timberwolves,122,,San Antonio Spurs,1,,,
Dallas Mavericks,Orlando Magic,0.616748707,,,,Orlando Magic,98,Dallas Mavericks,112,,Dallas Mavericks,1,,,
Portland Trail Blazers,Sacramento Kings,0.70853174,,,,Portland Trail Blazers,125,Sacramento Kings,99,,Portland Trail Blazers,1,,,
Utah Jazz,Detroit Pistons,0.865117476,,,,Utah Jazz,96,Detroit Pistons,86,,Utah Jazz,1,,,
Los Angeles Clippers,Chicago Bulls,0.792812249,,,,Chicago Bulls,127,Los Angeles Clippers,130,,Los Angeles Clippers,1,,,
Oklahoma City Thunder,Brooklyn Nets,0.589023873,,,,Oklahoma City Thunder,129,Brooklyn Nets,116,,Oklahoma City Thunder,1,,,
Denver Nuggets,New York Knicks,0.844087583,,,,Denver Nuggets,114,New York Knicks,89,,Denver Nuggets,1,,,
Los Angeles Lakers,Houston Rockets,0.538543734,,,,Los Angeles Lakers,120,Houston Rockets,102,,Los Angeles Lakers,1,,,
San Antonio Spurs,Minnesota Timberwolves,0.86426808,,,,San Antonio Spurs,88,Minnesota Timberwolves,96,,Minnesota Timberwolves,0,,,
Toronto Raptors,Golden State Warriors,0.942503712,,,,Toronto Raptors,105,Golden State Warriors,106,,Golden State Warriors,0,,,
New York Knicks,Charlotte Hornets,0.642932895,,,,New York Knicks,88,Charlotte Hornets,109,,Charlotte Hornets,0,,,
Memphis Grizzlies,Cleveland Cavaliers,0.750597517,,,,Memphis Grizzlies,101,Cleveland Cavaliers,91,,Memphis Grizzlies,1,,,
Milwaukee Bucks,Orlando Magic,0.767970766,,,,Milwaukee Bucks,121,Orlando Magic,99,,Milwaukee Bucks,1,,,
Phoenix Suns,Washington Wizards,0.623787189,,,,Phoenix Suns,107,Washington Wizards,128,,Washington Wizards,0,,,
Philadelphia 76ers,Atlanta Hawks,0.916321613,,,,Philadelphia 76ers,94,Atlanta Hawks,112,,Atlanta Hawks,0,,,
Toronto Raptors,Portland Trail Blazers,0.676266505,,,,Toronto Raptors,111,Portland Trail Blazers,112,,Portland Trail Blazers,0,,,
Indiana Pacers,Sacramento Kings,0.644834549,,,,Indiana Pacers,122,Sacramento Kings,127,,Sacramento Kings,0,,,
Miami Heat,Philadelphia 76ers,0.549448064,,,,Miami Heat,134,Philadelphia 76ers,137,,Philadelphia 76ers,0,,,
Denver Nuggets,Brooklyn Nets,0.656391439,,,,Denver Nuggets,116,Brooklyn Nets,122,,Brooklyn Nets,0,,,
Utah Jazz,Cleveland Cavaliers,0.882294387,,,,Utah Jazz,117,Cleveland Cavaliers,87,,Utah Jazz,1,,,
Los Angeles Lakers,Houston Rockets,0.538543734,,,,Los Angeles Lakers,117,Houston Rockets,100,,Los Angeles Lakers,1,,,
San Antonio Spurs,Oklahoma City Thunder,0.543743957,,,,San Antonio Spurs,112,Oklahoma City Thunder,102,,San Antonio Spurs,1,,,
Indiana Pacers,Golden State Warriors,0.890313682,,,,Indiana Pacers,104,Golden State Warriors,95,,Indiana Pacers,1,,,
Dallas Mavericks,Charlotte Hornets,0.79974432,,,,Dallas Mavericks,104,Charlotte Hornets,93,,Dallas Mavericks,1,,,
Milwaukee Bucks,Detroit Pistons,0.87969007,,,,Milwaukee Bucks,110,Detroit Pistons,101,,Milwaukee Bucks,1,,,
Brooklyn Nets,New York Knicks,0.742426876,,,,Brooklyn Nets,116,New York Knicks,109,,Brooklyn Nets,1,,,
Memphis Grizzlies,Minnesota Timberwolves,0.725220163,,,,Memphis Grizzlies,118,Minnesota Timberwolves,107,,Memphis Grizzlies,1,,,
Los Angeles Lakers,Oklahoma City Thunder,0.648424339,,,,Los Angeles Lakers,128,Oklahoma City Thunder,99,,Los Angeles Lakers,1,,,
Los Angeles Clippers,New Orleans Pelicans,0.78000498,,,,New Orleans Pelicans,106,Los Angeles Clippers,111,,Los Angeles Clippers,1,,,
Portland Trail Blazers,Sacramento Kings,0.70853174,,,,Portland Trail Blazers,132,Sacramento Kings,126,,Portland Trail Blazers,1,,,
Miami Heat,Philadelphia 76ers,0.549448064,,,,Miami Heat,108,Philadelphia 76ers,125,,Philadelphia 76ers,0,,,
Houston Rockets,San Antonio Spurs,0.621444942,,,,Houston Rockets,109,San Antonio Spurs,105,,Houston Rockets,1,,,
Toronto Raptors,Charlotte Hornets,0.818192382,,,,Charlotte Hornets,108,Toronto Raptors,111,,Toronto Raptors,1,,,
Denver Nuggets,Golden State Warriors,0.836519501,,,,Golden State Warriors,104,Denver Nuggets,114,,Denver Nuggets,1,,,
Indiana Pacers,Portland Trail Blazers,0.508448285,,,,Indiana Pacers,111,Portland Trail Blazers,87,,Indiana Pacers,1,,,
Boston Celtics,Orlando Magic,0.691685797,,,,Orlando Magic,97,Boston Celtics,124,,Boston Celtics,1,,,
New York Knicks,Cleveland Cavaliers,0.747208679,,,,New York Knicks,103,Cleveland Cavaliers,106,,Cleveland Cavaliers,0,,,
Milwaukee Bucks,Dallas Mavericks,0.604180951,,,,Dallas Mavericks,109,Milwaukee Bucks,112,,Milwaukee Bucks,1,,,
Oklahoma City Thunder,Chicago Bulls,0.6843341,,,,Chicago Bulls,125,Oklahoma City Thunder,127,,Oklahoma City Thunder,1,,,
Utah Jazz,Atlanta Hawks,0.803075757,,,,Atlanta Hawks,92,Utah Jazz,116,,Utah Jazz,1,,,
Los Angeles Lakers,New Orleans Pelicans,0.79910713,,,,New Orleans Pelicans,95,Los Angeles Lakers,112,,Los Angeles Lakers,1,,,
Los Angeles Clippers,Sacramento Kings,0.765101049,,,,Los Angeles Clippers,138,Sacramento Kings,100,,Los Angeles Clippers,1,,,
Houston Rockets,San Antonio Spurs,0.621444942,,,,Houston Rockets,91,San Antonio Spurs,103,,San Antonio Spurs,0,,,
Brooklyn Nets,Orlando Magic,0.500272366,,,,Orlando Magic,115,Brooklyn Nets,122,,Brooklyn Nets,1,,,
Toronto Raptors,Charlotte Hornets,0.818192382,,,,Charlotte Hornets,113,Toronto Raptors,116,,Toronto Raptors,1,,,
Philadelphia 76ers,Memphis Grizzlies,0.783222497,,,,Philadelphia 76ers,104,Memphis Grizzlies,106,,Memphis Grizzlies,0,,,
Miami Heat,Detroit Pistons,0.854673799,,,,Detroit Pistons,120,Miami Heat,100,,Detroit Pistons,0,,,
Portland Trail Blazers,Atlanta Hawks,0.762131597,,,,Atlanta Hawks,106,Portland Trail Blazers,112,,Portland Trail Blazers,1,,,
Boston Celtics,New York Knicks,0.750777479,,,,New York Knicks,105,Boston Celtics,75,,New York Knicks,0,,,
Dallas Mavericks,Chicago Bulls,0.694446482,,,,Chicago Bulls,117,Dallas Mavericks,101,,Chicago Bulls,0,,,
Denver Nuggets,Utah Jazz,0.528147917,,,,Utah Jazz,109,Denver Nuggets,105,,Utah Jazz,0,,,
New Orleans Pelicans,Sacramento Kings,0.508947656,,,,New Orleans Pelicans,128,Sacramento Kings,123,,New Orleans Pelicans,1,,,
Los Angeles Clippers,Indiana Pacers,0.669313067,,,,Indiana Pacers,96,Los Angeles Clippers,129,,Los Angeles Clippers,1,,,
Orlando Magic,New York Knicks,0.738969264,,,,Orlando Magic,84,New York Knicks,91,,New York Knicks,0,,,
Minnesota Timberwolves,Atlanta Hawks,0.638243411,,,,Minnesota Timberwolves,97,Atlanta Hawks,108,,Atlanta Hawks,0,,,
San Antonio Spurs,Portland Trail Blazers,0.58567184,,,,San Antonio Spurs,125,Portland Trail Blazers,104,,San Antonio Spurs,1,,,
Memphis Grizzlies,Phoenix Suns,0.558476936,,,,Phoenix Suns,104,Memphis Grizzlies,108,,Memphis Grizzlies,1,,,
Milwaukee Bucks,Brooklyn Nets,0.682602134,,,,Milwaukee Bucks,123,Brooklyn Nets,125,,Brooklyn Nets,0,,,
Toronto Raptors,Dallas Mavericks,0.631269806,,,,Dallas Mavericks,93,Toronto Raptors,116,,Toronto Raptors,1,,,
Houston Rockets,Chicago Bulls,0.83084893,,,,Houston Rockets,120,Chicago Bulls,125,,Chicago Bulls,0,,,
Miami Heat,Detroit Pistons,0.854673799,,,,Detroit Pistons,107,Miami Heat,113,,Miami Heat,1,,,
Los Angeles Lakers,Golden State Warriors,0.880356097,,,,Golden State Warriors,115,Los Angeles Lakers,113,,Golden State Warriors,0,,,
Denver Nuggets,Oklahoma City Thunder,0.595680234,,,,Oklahoma City Thunder,101,Denver Nuggets,119,,Denver Nuggets,1,,,
Utah Jazz,New Orleans Pelicans,0.683098384,,,,New Orleans Pelicans,102,Utah Jazz,118,,Utah Jazz,1,,,
Brooklyn Nets,Cleveland Cavaliers,0.801633228,,,,Brooklyn Nets,135,Cleveland Cavaliers,147,,Cleveland Cavaliers,0,,,
Indiana Pacers,Dallas Mavericks,0.503510702,,,,Dallas Mavericks,124,Indiana Pacers,112,,Dallas Mavericks,0,,,
Boston Celtics,Philadelphia 76ers,0.518135092,,,,Boston Celtics,109,Philadelphia 76ers,117,,Philadelphia 76ers,0,,,
Detroit Pistons,Atlanta Hawks,0.618836046,,,,Detroit Pistons,115,Atlanta Hawks,123,,Atlanta Hawks,0,,,
Toronto Raptors,Miami Heat,0.532393893,,,,Miami Heat,111,Toronto Raptors,102,,Miami Heat,0,,,
Orlando Magic,Minnesota Timberwolves,0.77682076,,,,Orlando Magic,97,Minnesota Timberwolves,96,,Orlando Magic,1,,,
Houston Rockets,Phoenix Suns,0.796843751,,,,Phoenix Suns,109,Houston Rockets,103,,Phoenix Suns,0,,,
San Antonio Spurs,Golden State Warriors,0.917302974,,,,San Antonio Spurs,99,Golden State Warriors,121,,Golden State Warriors,0,,,
Los Angeles Clippers,Sacramento Kings,0.726254512,,,,Sacramento Kings,96,Los Angeles Clippers,115,,Los Angeles Clippers,1,,,
Los Angeles Lakers,Milwaukee Bucks,0.528946729,,,,Los Angeles Lakers,113,Milwaukee Bucks,106,,Los Angeles Lakers,1,,,
New York Knicks,Golden State Warriors,0.818695846,,,,New York Knicks,119,Golden State Warriors,104,,New York Knicks,1,,,
Utah Jazz,New Orleans Pelicans,0.683098384,,,,New Orleans Pelicans,118,Utah Jazz,129,,Utah Jazz,1,,,
Chicago Bulls,Charlotte Hornets,0.631265111,,,,Chicago Bulls,123,Charlotte Hornets,110,,Chicago Bulls,1,,,
Houston Rockets,Detroit Pistons,0.87100215,,,,Houston Rockets,103,Detroit Pistons,102,,Houston Rockets,1,,,
Indiana Pacers,Orlando Magic,0.626182182,,,,Orlando Magic,118,Indiana Pacers,120,,Indiana Pacers,1,,,
Brooklyn Nets,Cleveland Cavaliers,0.801633228,,,,Brooklyn Nets,113,Cleveland Cavaliers,125,,Cleveland Cavaliers,0,,,
Boston Celtics,Philadelphia 76ers,0.518135092,,,,Boston Celtics,110,Philadelphia 76ers,122,,Philadelphia 76ers,0,,,
Toronto Raptors,Miami Heat,0.532393893,,,,Miami Heat,81,Toronto Raptors,101,,Toronto Raptors,1,,,
Atlanta Hawks,Minnesota Timberwolves,0.584360132,,,,Atlanta Hawks,116,Minnesota Timberwolves,98,,Atlanta Hawks,1,,,
Dallas Mavericks,San Antonio Spurs,0.576963314,,,,Dallas Mavericks,122,San Antonio Spurs,117,,Dallas Mavericks,1,,,
Los Angeles Clippers,Oklahoma City Thunder,0.653785458,,,,Oklahoma City Thunder,106,Los Angeles Clippers,120,,Los Angeles Clippers,1,,,
Denver Nuggets,Phoenix Suns,0.688925697,,,,Denver Nuggets,130,Phoenix Suns,126,,Denver Nuggets,1,,,
New York Knicks,Sacramento Kings,0.502499337,,,,New York Knicks,94,Sacramento Kings,103,,Sacramento Kings,0,,,
Miami Heat,Brooklyn Nets,0.712724061,,,,Miami Heat,124,Brooklyn Nets,128,,Brooklyn Nets,0,,,
Philadelphia 76ers,Detroit Pistons,0.905653239,,,,Philadelphia 76ers,114,Detroit Pistons,110,,Philadelphia 76ers,1,,,
New Orleans Pelicans,Minnesota Timberwolves,0.726766935,,,,New Orleans Pelicans,110,Minnesota Timberwolves,120,,Minnesota Timberwolves,0,,,
Los Angeles Lakers,Chicago Bulls,0.874913867,,,,Los Angeles Lakers,101,Chicago Bulls,90,,Los Angeles Lakers,1,,,
Houston Rockets,Dallas Mavericks,0.552660233,,,,Houston Rockets,133,Dallas Mavericks,108,,Houston Rockets,1,,,
Denver Nuggets,Phoenix Suns,0.688925697,,,,Denver Nuggets,120,Phoenix Suns,112,,Denver Nuggets,1,,,
Utah Jazz,Golden State Warriors,0.79949337,,,,Golden State Warriors,108,Utah Jazz,127,,Utah Jazz,1,,,
Toronto Raptors,Indiana Pacers,0.617431238,,,,Toronto Raptors,107,Indiana Pacers,102,,Toronto Raptors,1,,,
Los Angeles Clippers,Oklahoma City Thunder,0.653785458,,,,Oklahoma City Thunder,100,Los Angeles Clippers,108,,Los Angeles Clippers,1,,,
Boston Celtics,Cleveland Cavaliers,0.848887497,,,,Cleveland Cavaliers,103,Boston Celtics,141,,Boston Celtics,1,,,
Orlando Magic,Charlotte Hornets,0.508651073,,,,Charlotte Hornets,107,Orlando Magic,104,,Charlotte Hornets,0,,,
Milwaukee Bucks,Atlanta Hawks,0.861914437,,,,Atlanta Hawks,115,Milwaukee Bucks,129,,Milwaukee Bucks,1,,,
San Antonio Spurs,Washington Wizards,0.653310431,,,,Washington Wizards,101,San Antonio Spurs,121,,San Antonio Spurs,1,,,
Portland Trail Blazers,New York Knicks,0.634742366,,,,New York Knicks,113,Portland Trail Blazers,116,,Portland Trail Blazers,1,,,
Philadelphia 76ers,Detroit Pistons,0.905653239,,,,Philadelphia 76ers,104,Detroit Pistons,119,,Detroit Pistons,0,,,
Toronto Raptors,Indiana Pacers,0.617431238,,,,Toronto Raptors,114,Indiana Pacers,129,,Indiana Pacers,0,,,
Orlando Magic,Charlotte Hornets,0.508651073,,,,Charlotte Hornets,108,Orlando Magic,117,,Orlando Magic,1,,,
Miami Heat,Brooklyn Nets,0.712724061,,,,Miami Heat,85,Brooklyn Nets,98,,Brooklyn Nets,0,,,
Los Angeles Lakers,Cleveland Cavaliers,0.918279265,,,,Los Angeles Lakers,115,Cleveland Cavaliers,108,,Los Angeles Lakers,1,,,
Denver Nuggets,Dallas Mavericks,0.543036472,,,,Denver Nuggets,117,Dallas Mavericks,113,,Denver Nuggets,1,,,
Boston Celtics,Chicago Bulls,0.844004662,,,,Boston Celtics,119,Chicago Bulls,103,,Boston Celtics,1,,,
Minnesota Timberwolves,Golden State Warriors,0.734129372,,,,Minnesota Timberwolves,108,Golden State Warriors,130,,Golden State Warriors,0,,,
Oklahoma City Thunder,Portland Trail Blazers,0.525766046,,,,Oklahoma City Thunder,125,Portland Trail Blazers,122,,Oklahoma City Thunder,1,,,
Los Angeles Clippers,Atlanta Hawks,0.902952061,,,,Los Angeles Clippers,99,Atlanta Hawks,108,,Atlanta Hawks,0,,,
Houston Rockets,Washington Wizards,0.790558323,,,,Washington Wizards,88,Houston Rockets,107,,Houston Rockets,1,,,
Utah Jazz,New York Knicks,0.688656233,,,,New York Knicks,94,Utah Jazz,108,,Utah Jazz,1,,,
Indiana Pacers,Charlotte Hornets,0.763962719,,,,Indiana Pacers,116,Charlotte Hornets,106,,Indiana Pacers,1,,,
Detroit Pistons,Cleveland Cavaliers,0.624520809,,,,Detroit Pistons,107,Cleveland Cavaliers,122,,Cleveland Cavaliers,0,,,
Sacramento Kings,Orlando Magic,0.610896622,,,,Sacramento Kings,121,Orlando Magic,107,,Sacramento Kings,1,,,
Brooklyn Nets,Atlanta Hawks,0.797761606,,,,Brooklyn Nets,132,Atlanta Hawks,128,,Brooklyn Nets,1,,,
Miami Heat,Denver Nuggets,0.563073701,,,,Denver Nuggets,109,Miami Heat,82,,Denver Nuggets,0,,,
Los Angeles Lakers,Philadelphia 76ers,0.581604422,,,,Los Angeles Lakers,106,Philadelphia 76ers,107,,Philadelphia 76ers,0,,,
Toronto Raptors,Milwaukee Bucks,0.567743942,,,,Milwaukee Bucks,115,Toronto Raptors,108,,Milwaukee Bucks,0,,,
Boston Celtics,San Antonio Spurs,0.643906896,,,,Boston Celtics,106,San Antonio Spurs,110,,San Antonio Spurs,0,,,
Washington Wizards,New Orleans Pelicans,0.539863923,,,,Washington Wizards,106,New Orleans Pelicans,124,,New Orleans Pelicans,0,,,
Oklahoma City Thunder,Phoenix Suns,0.624285676,,,,Oklahoma City Thunder,102,Phoenix Suns,97,,Oklahoma City Thunder,1,,,
Dallas Mavericks,Utah Jazz,0.500683989,,,,Dallas Mavericks,104,Utah Jazz,116,,Utah Jazz,0,,,
Minnesota Timberwolves,Golden State Warriors,0.734129372,,,,Minnesota Timberwolves,111,Golden State Warriors,123,,Golden State Warriors,0,,,
Houston Rockets,Portland Trail Blazers,0.575094086,,,,Portland Trail Blazers,101,Houston Rockets,104,,Houston Rockets,1,,,
Los Angeles Lakers,Detroit Pistons,0.905792958,,,,Los Angeles Lakers,92,Detroit Pistons,107,,Detroit Pistons,0,,,
Miami Heat,Los Angeles Clippers,0.506470981,,,,Los Angeles Clippers,109,Miami Heat,105,,Los Angeles Clippers,0,,,
Phoenix Suns,Golden State Warriors,0.676400603,,,,Golden State Warriors,93,Phoenix Suns,114,,Phoenix Suns,1,,,
Indiana Pacers,Charlotte Hornets,0.763962719,,,,Indiana Pacers,105,Charlotte Hornets,108,,Charlotte Hornets,0,,,
Atlanta Hawks,Washington Wizards,0.519894472,,,,Atlanta Hawks,116,Washington Wizards,100,,Atlanta Hawks,1,,,
Milwaukee Bucks,New Orleans Pelicans,0.797178617,,,,Milwaukee Bucks,126,New Orleans Pelicans,131,,New Orleans Pelicans,0,,,
Cleveland Cavaliers,New York Knicks,0.530643674,,,,Cleveland Cavaliers,81,New York Knicks,102,,New York Knicks,0,,,
Toronto Raptors,Sacramento Kings,0.734672124,,,,Sacramento Kings,126,Toronto Raptors,124,,Sacramento Kings,0,,,
Philadelphia 76ers,Minnesota Timberwolves,0.907732773,,,,Philadelphia 76ers,118,Minnesota Timberwolves,94,,Philadelphia 76ers,1,,,
Oklahoma City Thunder,Brooklyn Nets,0.601217337,,,,Brooklyn Nets,147,Oklahoma City Thunder,125,,Brooklyn Nets,0,,,
Los Angeles Clippers,Orlando Magic,0.786867705,,,,Los Angeles Clippers,116,Orlando Magic,90,,Los Angeles Clippers,1,,,
Denver Nuggets,San Antonio Spurs,0.612262774,,,,Denver Nuggets,109,San Antonio Spurs,119,,San Antonio Spurs,0,,,
Dallas Mavericks,Utah Jazz,0.500683989,,,,Dallas Mavericks,101,Utah Jazz,120,,Utah Jazz,0,,,
Portland Trail Blazers,Chicago Bulls,0.815774222,,,,Portland Trail Blazers,123,Chicago Bulls,122,,Portland Trail Blazers,1,,,
Milwaukee Bucks,Charlotte Hornets,0.838852247,,,,Milwaukee Bucks,114,Charlotte Hornets,126,,Charlotte Hornets,0,,,
Miami Heat,Sacramento Kings,0.707018992,,,,Sacramento Kings,104,Miami Heat,105,,Miami Heat,1,,,
Houston Rockets,New Orleans Pelicans,0.783995372,,,,Houston Rockets,126,New Orleans Pelicans,112,,Houston Rockets,1,,,
Los Angeles Lakers,Boston Celtics,0.557901687,,,,Los Angeles Lakers,96,Boston Celtics,95,,Los Angeles Lakers,1,,,
San Antonio Spurs,Memphis Grizzlies,0.614966939,,,,Memphis Grizzlies,129,San Antonio Spurs,112,,Memphis Grizzlies,0,,,
Dallas Mavericks,Phoenix Suns,0.722374887,,,,Phoenix Suns,111,Dallas Mavericks,105,,Phoenix Suns,0,,,
Detroit Pistons,Golden State Warriors,0.717589916,,,,Detroit Pistons,91,Golden State Warriors,118,,Golden State Warriors,0,,,
Los Angeles Clippers,New York Knicks,0.871772501,,,,Los Angeles Clippers,129,New York Knicks,115,,Los Angeles Clippers,1,,,
Denver Nuggets,Utah Jazz,0.528147917,,,,Utah Jazz,117,Denver Nuggets,128,,Denver Nuggets,1,,,
Philadelphia 76ers,Indiana Pacers,0.627884936,,,,Philadelphia 76ers,119,Indiana Pacers,110,,Philadelphia 76ers,1,,,
Toronto Raptors,Orlando Magic,0.738753117,,,,Orlando Magic,102,Toronto Raptors,115,,Toronto Raptors,1,,,
Brooklyn Nets,Washington Wizards,0.731875431,,,,Brooklyn Nets,146,Washington Wizards,149,,Washington Wizards,0,,,
Cleveland Cavaliers,Minnesota Timberwolves,0.581599942,,,,Cleveland Cavaliers,104,Minnesota Timberwolves,109,,Minnesota Timberwolves,0,,,
Los Angeles Lakers,Atlanta Hawks,0.916446991,,,,Los Angeles Lakers,107,Atlanta Hawks,99,,Los Angeles Lakers,1,,,
Miami Heat,Charlotte Hornets,0.79683678,,,,Charlotte Hornets,129,Miami Heat,121,,Charlotte Hornets,0,,,
New York Knicks,Chicago Bulls,0.647874476,,,,New York Knicks,102,Chicago Bulls,110,,Chicago Bulls,0,,,
Minnesota Timberwolves,Cleveland Cavaliers,0.64380533,,,,Minnesota Timberwolves,98,Cleveland Cavaliers,100,,Cleveland Cavaliers,0,,,
Milwaukee Bucks,Portland Trail Blazers,0.584489462,,,,Portland Trail Blazers,106,Milwaukee Bucks,134,,Milwaukee Bucks,1,,,
Sacramento Kings,New Orleans Pelicans,0.650888604,,,,Sacramento Kings,118,New Orleans Pelicans,109,,Sacramento Kings,1,,,
Houston Rockets,Oklahoma City Thunder,0.564305208,,,,Houston Rockets,136,Oklahoma City Thunder,106,,Houston Rockets,1,,,
Dallas Mavericks,Phoenix Suns,0.722374887,,,,Phoenix Suns,109,Dallas Mavericks,108,,Phoenix Suns,0,,,
San Antonio Spurs,Memphis Grizzlies,0.614966939,,,,Memphis Grizzlies,133,San Antonio Spurs,102,,Memphis Grizzlies,0,,,
Toronto Raptors,Orlando Magic,0.806054607,,,,Toronto Raptors,123,Orlando Magic,108,,Toronto Raptors,1,,,
Los Angeles Clippers,Brooklyn Nets,0.70578811,,,,Los Angeles Clippers,120,Brooklyn Nets,124,,Brooklyn Nets,0,,,
Indiana Pacers,Memphis Grizzlies,0.688389784,,,,Memphis Grizzlies,116,Indiana Pacers,134,,Indiana Pacers,1,,,
Portland Trail Blazers,Washington Wizards,0.827736793,,,,Portland Trail Blazers,132,Washington Wizards,121,,Portland Trail Blazers,1,,,
Boston Celtics,Golden State Warriors,0.929965484,,,,Boston Celtics,111,Golden State Warriors,107,,Boston Celtics,1,,,
Utah Jazz,Detroit Pistons,0.797193178,,,,Detroit Pistons,105,Utah Jazz,117,,Utah Jazz,1,,,
Philadelphia 76ers,Charlotte Hornets,0.872349488,,,,Philadelphia 76ers,118,Charlotte Hornets,111,,Philadelphia 76ers,1,,,
Milwaukee Bucks,Indiana Pacers,0.653188531,,,,Indiana Pacers,110,Milwaukee Bucks,130,,Milwaukee Bucks,1,,,
Dallas Mavericks,Atlanta Hawks,0.864852224,,,,Dallas Mavericks,122,Atlanta Hawks,116,,Dallas Mavericks,1,,,
New York Knicks,Chicago Bulls,0.647874476,,,,New York Knicks,107,Chicago Bulls,103,,New York Knicks,1,,,
Los Angeles Clippers,Cleveland Cavaliers,0.905049611,,,,Los Angeles Clippers,121,Cleveland Cavaliers,99,,Los Angeles Clippers,1,,,
Miami Heat,Washington Wizards,0.793163761,,,,Washington Wizards,103,Miami Heat,100,,Washington Wizards,0,,,
Houston Rockets,Oklahoma City Thunder,0.564305208,,,,Houston Rockets,87,Oklahoma City Thunder,104,,Oklahoma City Thunder,0,,,
San Antonio Spurs,Minnesota Timberwolves,0.726735402,,,,Minnesota Timberwolves,108,San Antonio Spurs,111,,San Antonio Spurs,1,,,
Phoenix Suns,New Orleans Pelicans,0.530314209,,,,Phoenix Suns,101,New Orleans Pelicans,123,,New Orleans Pelicans,0,,,
Boston Celtics,Sacramento Kings,0.748121783,,,,Boston Celtics,111,Sacramento Kings,116,,Sacramento Kings,0,,,
Utah Jazz,Atlanta Hawks,0.879760935,,,,Utah Jazz,112,Atlanta Hawks,91,,Utah Jazz,1,,,
Dallas Mavericks,Golden State Warriors,0.795728475,,,,Golden State Warriors,147,Dallas Mavericks,116,,Golden State Warriors,0,,,
Philadelphia 76ers,Portland Trail Blazers,0.531902633,,,,Portland Trail Blazers,121,Philadelphia 76ers,105,,Portland Trail Blazers,0,,,
Houston Rockets,Memphis Grizzlies,0.71762567,,,,Houston Rockets,115,Memphis Grizzlies,103,,Houston Rockets,1,,,
Los Angeles Lakers,Denver Nuggets,0.613826561,,,,Denver Nuggets,93,Los Angeles Lakers,114,,Los Angeles Lakers,1,,,
Indiana Pacers,New Orleans Pelicans,0.686719408,,,,New Orleans Pelicans,114,Indiana Pacers,113,,New Orleans Pelicans,0,,,
Chicago Bulls,Orlando Magic,0.521193136,,,,Chicago Bulls,119,Orlando Magic,123,,Orlando Magic,0,,,
Toronto Raptors,Brooklyn Nets,0.72976737,,,,Toronto Raptors,123,Brooklyn Nets,117,,Toronto Raptors,1,,,
Milwaukee Bucks,Cleveland Cavaliers,0.895235934,,,,Milwaukee Bucks,123,Cleveland Cavaliers,105,,Milwaukee Bucks,1,,,
Utah Jazz,Charlotte Hornets,0.820343362,,,,Utah Jazz,138,Charlotte Hornets,121,,Utah Jazz,1,,,
Miami Heat,Washington Wizards,0.793163761,,,,Washington Wizards,95,Miami Heat,122,,Miami Heat,1,,,
Oklahoma City Thunder,Minnesota Timberwolves,0.771209693,,,,Minnesota Timberwolves,106,Oklahoma City Thunder,103,,Minnesota Timberwolves,0,,,
Phoenix Suns,Detroit Pistons,0.673265399,,,,Detroit Pistons,92,Phoenix Suns,109,,Phoenix Suns,1,,,
Los Angeles Clippers,Boston Celtics,0.553017392,,,,Boston Celtics,119,Los Angeles Clippers,115,,Boston Celtics,0,,,
Portland Trail Blazers,New York Knicks,0.835364433,,,,Portland Trail Blazers,99,New York Knicks,110,,New York Knicks,0,,,
Denver Nuggets,Sacramento Kings,0.72173655,,,,Denver Nuggets,114,Sacramento Kings,119,,Sacramento Kings,0,,,
Chicago Bulls,Orlando Magic,0.521193136,,,,Chicago Bulls,118,Orlando Magic,92,,Chicago Bulls,1,,,
Toronto Raptors,Atlanta Hawks,0.912846132,,,,Toronto Raptors,121,Atlanta Hawks,132,,Atlanta Hawks,0,,,
Milwaukee Bucks,Cleveland Cavaliers,0.895235934,,,,Milwaukee Bucks,124,Cleveland Cavaliers,99,,Milwaukee Bucks,1,,,
Houston Rockets,San Antonio Spurs,0.57008909,,,,San Antonio Spurs,111,Houston Rockets,106,,San Antonio Spurs,0,,,
Oklahoma City Thunder,Minnesota Timberwolves,0.771209693,,,,Minnesota Timberwolves,118,Oklahoma City Thunder,120,,Oklahoma City Thunder,1,,,
Philadelphia 76ers,Brooklyn Nets,0.666699988,,,,Brooklyn Nets,108,Philadelphia 76ers,124,,Philadelphia 76ers,1,,,
Dallas Mavericks,Golden State Warriors,0.795728475,,,,Golden State Warriors,132,Dallas Mavericks,134,,Dallas Mavericks,1,,,
Memphis Grizzlies,New Orleans Pelicans,0.580585695,,,,Memphis Grizzlies,109,New Orleans Pelicans,118,,New Orleans Pelicans,0,,,
Los Angeles Lakers,Detroit Pistons,0.878842976,,,,Detroit Pistons,129,Los Angeles Lakers,135,,Los Angeles Lakers,1,,,
Washington Wizards,Charlotte Hornets,0.608438847,,,,Washington Wizards,97,Charlotte Hornets,119,,Charlotte Hornets,0,,,
Utah Jazz,Indiana Pacers,0.529947949,,,,Utah Jazz,103,Indiana Pacers,95,,Utah Jazz,1,,,
Miami Heat,New York Knicks,0.875485755,,,,Miami Heat,109,New York Knicks,103,,Miami Heat,1,,,
Boston Celtics,Phoenix Suns,0.717203048,,,,Boston Celtics,91,Phoenix Suns,100,,Phoenix Suns,0,,,
Los Angeles Clippers,Sacramento Kings,0.726254512,,,,Sacramento Kings,113,Los Angeles Clippers,110,,Sacramento Kings,0,,,
Houston Rockets,Charlotte Hornets,0.827792609,,,,Houston Rockets,94,Charlotte Hornets,119,,Charlotte Hornets,0,,,
Washington Wizards,Chicago Bulls,0.613570881,,,,Washington Wizards,105,Chicago Bulls,101,,Washington Wizards,1,,,
Toronto Raptors,Memphis Grizzlies,0.775572859,,,,Toronto Raptors,128,Memphis Grizzlies,113,,Toronto Raptors,1,,,
Dallas Mavericks,Minnesota Timberwolves,0.779436004,,,,Minnesota Timberwolves,122,Dallas Mavericks,127,,Dallas Mavericks,1,,,
San Antonio Spurs,Golden State Warriors,0.74565039,,,,Golden State Warriors,100,San Antonio Spurs,105,,San Antonio Spurs,1,,,
Phoenix Suns,Cleveland Cavaliers,0.683765654,,,,Cleveland Cavaliers,113,Phoenix Suns,119,,Phoenix Suns,1,,,
Milwaukee Bucks,Denver Nuggets,0.504581511,,,,Milwaukee Bucks,125,Denver Nuggets,112,,Milwaukee Bucks,1,,,
Los Angeles Lakers,Oklahoma City Thunder,0.67934176,,,,Oklahoma City Thunder,112,Los Angeles Lakers,119,,Los Angeles Lakers,1,,,
Brooklyn Nets,Detroit Pistons,0.775678094,,,,Brooklyn Nets,111,Detroit Pistons,122,,Detroit Pistons,0,,,
Miami Heat,New York Knicks,0.767944416,,,,New York Knicks,96,Miami Heat,98,,Miami Heat,1,,,
Houston Rockets,New Orleans Pelicans,0.783995372,,,,Houston Rockets,101,New Orleans Pelicans,130,,New Orleans Pelicans,0,,,
San Antonio Spurs,Golden State Warriors,0.74565039,,,,Golden State Warriors,114,San Antonio Spurs,91,,Golden State Warriors,0,,,
Portland Trail Blazers,Orlando Magic,0.56411151,,,,Orlando Magic,97,Portland Trail Blazers,106,,Portland Trail Blazers,1,,,
Philadelphia 76ers,Sacramento Kings,0.793110018,,,,Philadelphia 76ers,119,Sacramento Kings,111,,Philadelphia 76ers,1,,,
Boston Celtics,Utah Jazz,0.570717246,,,,Boston Celtics,108,Utah Jazz,122,,Utah Jazz,0,,,
Toronto Raptors,Washington Wizards,0.878754503,,,,Toronto Raptors,137,Washington Wizards,115,,Toronto Raptors,1,,,
Dallas Mavericks,Atlanta Hawks,0.799361247,,,,Atlanta Hawks,117,Dallas Mavericks,118,,Dallas Mavericks,1,,,
Indiana Pacers,Brooklyn Nets,0.572136256,,,,Indiana Pacers,94,Brooklyn Nets,104,,Brooklyn Nets,0,,,
Memphis Grizzlies,Charlotte Hornets,0.554564775,,,,Charlotte Hornets,114,Memphis Grizzlies,130,,Memphis Grizzlies,1,,,
Los Angeles Clippers,Minnesota Timberwolves,0.893150971,,,,Los Angeles Clippers,119,Minnesota Timberwolves,112,,Los Angeles Clippers,1,,,
New Orleans Pelicans,Chicago Bulls,0.653736941,,,,New Orleans Pelicans,116,Chicago Bulls,129,,Chicago Bulls,0,,,
Denver Nuggets,Cleveland Cavaliers,0.841096412,,,,Cleveland Cavaliers,95,Denver Nuggets,133,,Denver Nuggets,1,,,
Los Angeles Lakers,Oklahoma City Thunder,0.67934176,,,,Oklahoma City Thunder,113,Los Angeles Lakers,114,,Los Angeles Lakers,1,,,
Milwaukee Bucks,Phoenix Suns,0.713736982,,,,Milwaukee Bucks,124,Phoenix Suns,125,,Phoenix Suns,0,,,
Toronto Raptors,Boston Celtics,0.546495206,,,,Toronto Raptors,106,Boston Celtics,120,,Boston Celtics,0,,,
Miami Heat,Houston Rockets,0.505889512,,,,Miami Heat,101,Houston Rockets,94,,Miami Heat,1,,,
Indiana Pacers,Detroit Pistons,0.819699779,,,,Indiana Pacers,111,Detroit Pistons,95,,Indiana Pacers,1,,,
Orlando Magic,Golden State Warriors,0.858427147,,,,Orlando Magic,105,Golden State Warriors,111,,Golden State Warriors,0,,,
Philadelphia 76ers,Portland Trail Blazers,0.685930306,,,,Philadelphia 76ers,114,Portland Trail Blazers,118,,Portland Trail Blazers,0,,,
Minnesota Timberwolves,Charlotte Hornets,0.524045299,,,,Minnesota Timberwolves,114,Charlotte Hornets,120,,Charlotte Hornets,0,,,
New York Knicks,Washington Wizards,0.666279476,,,,New York Knicks,109,Washington Wizards,91,,New York Knicks,1,,,
San Antonio Spurs,Atlanta Hawks,0.87635177,,,,San Antonio Spurs,125,Atlanta Hawks,114,,San Antonio Spurs,1,,,
Dallas Mavericks,New Orleans Pelicans,0.67802811,,,,New Orleans Pelicans,130,Dallas Mavericks,143,,Dallas Mavericks,1,,,
Boston Celtics,Detroit Pistons,0.842607919,,,,Detroit Pistons,108,Boston Celtics,102,,Detroit Pistons,0,,,
Los Angeles Clippers,Chicago Bulls,0.855766533,,,,Los Angeles Clippers,125,Chicago Bulls,106,,Los Angeles Clippers,1,,,
Denver Nuggets,Oklahoma City Thunder,0.595680234,,,,Oklahoma City Thunder,95,Denver Nuggets,97,,Denver Nuggets,1,,,
Milwaukee Bucks,Utah Jazz,0.56654088,,,,Milwaukee Bucks,115,Utah Jazz,129,,Utah Jazz,0,,,
Los Angeles Lakers,Memphis Grizzlies,0.800352482,,,,Memphis Grizzlies,105,Los Angeles Lakers,115,,Los Angeles Lakers,1,,,
Portland Trail Blazers,Cleveland Cavaliers,0.764183709,,,,Cleveland Cavaliers,110,Portland Trail Blazers,129,,Portland Trail Blazers,1,,,
Orlando Magic,Sacramento Kings,0.575602837,,,,Orlando Magic,123,Sacramento Kings,112,,Orlando Magic,1,,,
Philadelphia 76ers,Phoenix Suns,0.765986286,,,,Philadelphia 76ers,111,Phoenix Suns,120,,Phoenix Suns,0,,,
Indiana Pacers,Atlanta Hawks,0.838352678,,,,Indiana Pacers,125,Atlanta Hawks,113,,Indiana Pacers,1,,,
Houston Rockets,New York Knicks,0.849132584,,,,Houston Rockets,99,New York Knicks,121,,New York Knicks,0,,,
Brooklyn Nets,Golden State Warriors,0.860600912,,,,Brooklyn Nets,134,Golden State Warriors,117,,Brooklyn Nets,1,,,
Miami Heat,Utah Jazz,0.601242957,,,,Miami Heat,94,Utah Jazz,112,,Utah Jazz,0,,,
Boston Celtics,Washington Wizards,0.854461149,,,,Boston Celtics,91,Washington Wizards,104,,Washington Wizards,0,,,
San Antonio Spurs,Charlotte Hornets,0.815602625,,,,San Antonio Spurs,122,Charlotte Hornets,110,,San Antonio Spurs,1,,,
New Orleans Pelicans,Detroit Pistons,0.72185851,,,,New Orleans Pelicans,112,Detroit Pistons,123,,Detroit Pistons,0,,,
Toronto Raptors,Minnesota Timberwolves,0.861297646,,,,Minnesota Timberwolves,116,Toronto Raptors,112,,Minnesota Timberwolves,0,,,
Portland Trail Blazers,Dallas Mavericks,0.52691017,,,,Portland Trail Blazers,121,Dallas Mavericks,118,,Portland Trail Blazers,1,,,
Milwaukee Bucks,Oklahoma City Thunder,0.583778256,,,,Milwaukee Bucks,109,Oklahoma City Thunder,114,,Oklahoma City Thunder,0,,,
Orlando Magic,Phoenix Suns,0.536623777,,,,Orlando Magic,90,Phoenix Suns,109,,Phoenix Suns,0,,,
Los Angeles Lakers,Denver Nuggets,0.57252091,,,,Los Angeles Lakers,105,Denver Nuggets,122,,Denver Nuggets,0,,,
Los Angeles Clippers,Cleveland Cavaliers,0.871538558,,,,Cleveland Cavaliers,111,Los Angeles Clippers,128,,Los Angeles Clippers,1,,,
Memphis Grizzlies,Sacramento Kings,0.507004254,,,,Memphis Grizzlies,124,Sacramento Kings,110,,Memphis Grizzlies,1,,,
Indiana Pacers,Chicago Bulls,0.702888791,,,,Chicago Bulls,120,Indiana Pacers,112,,Chicago Bulls,0,,,
Houston Rockets,Washington Wizards,0.842022197,,,,Houston Rockets,119,Washington Wizards,131,,Washington Wizards,0,,,
Atlanta Hawks,New York Knicks,0.533470374,,,,Atlanta Hawks,112,New York Knicks,123,,New York Knicks,0,,,
Philadelphia 76ers,Utah Jazz,0.631796786,,,,Philadelphia 76ers,123,Utah Jazz,134,,Utah Jazz,0,,,
Cleveland Cavaliers,Golden State Warriors,0.707732706,,,,Cleveland Cavaliers,98,Golden State Warriors,129,,Golden State Warriors,0,,,
Los Angeles Clippers,Miami Heat,0.521736558,,,,Miami Heat,118,Los Angeles Clippers,125,,Los Angeles Clippers,1,,,
Brooklyn Nets,Sacramento Kings,0.579994482,,,,Brooklyn Nets,136,Sacramento Kings,125,,Brooklyn Nets,1,,,
Boston Celtics,Denver Nuggets,0.539832592,,,,Denver Nuggets,99,Boston Celtics,112,,Boston Celtics,1,,,
Memphis Grizzlies,New Orleans Pelicans,0.505858487,,,,New Orleans Pelicans,144,Memphis Grizzlies,113,,New Orleans Pelicans,0,,,
Toronto Raptors,Milwaukee Bucks,0.517439363,,,,Toronto Raptors,124,Milwaukee Bucks,113,,Toronto Raptors,1,,,
Los Angeles Lakers,Minnesota Timberwolves,0.907869726,,,,Los Angeles Lakers,112,Minnesota Timberwolves,104,,Los Angeles Lakers,1,,,
Portland Trail Blazers,Oklahoma City Thunder,0.538665914,,,,Portland Trail Blazers,115,Oklahoma City Thunder,104,,Portland Trail Blazers,1,,,
Brooklyn Nets,Phoenix Suns,0.5410972,,,,Brooklyn Nets,128,Phoenix Suns,124,,Brooklyn Nets,1,,,
New York Knicks,Orlando Magic,0.533771503,,,,New York Knicks,89,Orlando Magic,107,,Orlando Magic,0,,,
Boston Celtics,Atlanta Hawks,0.847425322,,,,Atlanta Hawks,122,Boston Celtics,114,,Atlanta Hawks,0,,,
Philadelphia 76ers,Houston Rockets,0.50602569,,,,Houston Rockets,113,Philadelphia 76ers,118,,Philadelphia 76ers,1,,,
Detroit Pistons,Chicago Bulls,0.508676799,,,,Detroit Pistons,102,Chicago Bulls,105,,Chicago Bulls,0,,,
Indiana Pacers,Minnesota Timberwolves,0.823304219,,,,Indiana Pacers,134,Minnesota Timberwolves,128,,Indiana Pacers,1,,,
Denver Nuggets,Washington Wizards,0.836785128,,,,Denver Nuggets,128,Washington Wizards,130,,Washington Wizards,0,,,
Oklahoma City Thunder,Memphis Grizzlies,0.647151073,,,,Oklahoma City Thunder,113,Memphis Grizzlies,122,,Memphis Grizzlies,0,,,
Portland Trail Blazers,New Orleans Pelicans,0.765921486,,,,Portland Trail Blazers,126,New Orleans Pelicans,124,,Portland Trail Blazers,1,,,
Miami Heat,Golden State Warriors,0.937732666,,,,Miami Heat,112,Golden State Warriors,120,,Golden State Warriors,0,,,
Los Angeles Clippers,Utah Jazz,0.589266391,,,,Utah Jazz,114,Los Angeles Clippers,96,,Utah Jazz,0,,,
Toronto Raptors,Milwaukee Bucks,0.517439363,,,,Toronto Raptors,110,Milwaukee Bucks,96,,Toronto Raptors,1,,,
Los Angeles Lakers,Brooklyn Nets,0.749090397,,,,Brooklyn Nets,109,Los Angeles Lakers,98,,Brooklyn Nets,0,,,
Miami Heat,Sacramento Kings,0.771092221,,,,Miami Heat,118,Sacramento Kings,110,,Miami Heat,1,,,
Denver Nuggets,Cleveland Cavaliers,0.883589988,,,,Denver Nuggets,,Cleveland Cavaliers,,,,241,,,
Orlando Magic,Golden State Warriors,0.611588513,,,,Golden State Warriors,,Orlando Magic,,,,,,,
Boston Celtics,Atlanta Hawks,0.847425322,,,,Atlanta Hawks,,Boston Celtics,,,,,,,
Philadelphia 76ers,Chicago Bulls,0.742024774,,,,Chicago Bulls,,Philadelphia 76ers,,,,,,,
Memphis Grizzlies,Detroit Pistons,0.651180122,,,,Detroit Pistons,,Memphis Grizzlies,,,,,,,
Milwaukee Bucks,Oklahoma City Thunder,0.63731406,,,,Oklahoma City Thunder,,Milwaukee Bucks,,,,,,,
Phoenix Suns,New Orleans Pelicans,0.530314209,,,,Phoenix Suns,,New Orleans Pelicans,,,,,,,
Toronto Raptors,Minnesota Timberwolves,0.903937962,,,,Toronto Raptors,,Minnesota Timberwolves,,,,,,,
Los Angeles Clippers,Utah Jazz,0.589266391,,,,Utah Jazz,,Los Angeles Clippers,,,,,,,
Charlotte Hornets,Golden State Warriors,0.500292439,,,,Golden State Warriors,,Charlotte Hornets,,,,,,,
Houston Rockets,Indiana Pacers,0.644401479,,,,Indiana Pacers,,Houston Rockets,,,,,,,
Los Angeles Lakers,Miami Heat,0.550336135,,,,Miami Heat,,Los Angeles Lakers,,,,,,,
Sacramento Kings,Chicago Bulls,0.716161429,,,,Sacramento Kings,,Chicago Bulls,,,,,,,
Memphis Grizzlies,Phoenix Suns,0.558476936,,,,Phoenix Suns,,Memphis Grizzlies,,,,,,,
Portland Trail Blazers,Washington Wizards,0.668182931,,,,Washington Wizards,,Portland Trail Blazers,,,,,,,
Boston Celtics,New Orleans Pelicans,0.799917595,,,,Boston Celtics,,New Orleans Pelicans,,,,,,,
Oklahoma City Thunder,Cleveland Cavaliers,0.850630149,,,,Oklahoma City Thunder,,Cleveland Cavaliers,,,,,,,
Minnesota Timberwolves,New York Knicks,0.563162325,,,,Minnesota Timberwolves,,New York Knicks,,,,,,,
Orlando Magic,Detroit Pistons,0.60818911,,,,Detroit Pistons,,Orlando Magic,,,,,,,
Toronto Raptors,Philadelphia 76ers,0.500117829,,,,Philadelphia 76ers,,Toronto Raptors,,,,,,,
Denver Nuggets,Atlanta Hawks,0.881080663,,,,Denver Nuggets,,Atlanta Hawks,,,,,,,
Los Angeles Clippers,Brooklyn Nets,0.726857954,,,,Brooklyn Nets,,Los Angeles Clippers,,,,,,,
Milwaukee Bucks,Sacramento Kings,0.711710573,,,,Sacramento Kings,,Milwaukee Bucks,,,,,,,
Houston Rockets,Chicago Bulls,0.77406366,,,,Chicago Bulls,,Houston Rockets,,,,,,,
Dallas Mavericks,Memphis Grizzlies,0.679723214,,,,Memphis Grizzlies,,Dallas Mavericks,,,,,,,
Miami Heat,Oklahoma City Thunder,0.618030749,,,,Miami Heat,,Oklahoma City Thunder,,,,,,,
Portland Trail Blazers,Phoenix Suns,0.674865289,,,,Portland Trail Blazers,,Phoenix Suns,,,,,,,
Utah Jazz,Charlotte Hornets,0.723870848,,,,Charlotte Hornets,,Utah Jazz,,,,,,,
Los Angeles Lakers,Washington Wizards,0.825473731,,,,Washington Wizards,,Los Angeles Lakers,,,,,,,
Atlanta Hawks,Cleveland Cavaliers,0.615855782,,,,Atlanta Hawks,,Cleveland Cavaliers,,,,,,,
Orlando Magic,Detroit Pistons,0.60818911,,,,Detroit Pistons,,Orlando Magic,,,,,,,
Sacramento Kings,Brooklyn Nets,0.504987452,,,,Sacramento Kings,,Brooklyn Nets,,,,,,,
Boston Celtics,Dallas Mavericks,0.576421699,,,,Boston Celtics,,Dallas Mavericks,,,,,,,
Golden State Warriors,New York Knicks,0.539065475,,,,Golden State Warriors,,New York Knicks,,,,,,,
Toronto Raptors,Philadelphia 76ers,0.500117829,,,,Philadelphia 76ers,,Toronto Raptors,,,,,,,
Milwaukee Bucks,Minnesota Timberwolves,0.847012375,,,,Minnesota Timberwolves,,Milwaukee Bucks,,,,,,,
Denver Nuggets,Portland Trail Blazers,0.541157519,,,,Portland Trail Blazers,,Denver Nuggets,,,,,,,
Los Angeles Clippers,Washington Wizards,0.808277175,,,,Washington Wizards,,Los Angeles Clippers,,,,,,,
Boston Celtics,Atlanta Hawks,0.894563968,,,,Boston Celtics,,Atlanta Hawks,,,,,,,
Houston Rockets,Cleveland Cavaliers,0.887527093,,,,Houston Rockets,,Cleveland Cavaliers,,,,,,,
Indiana Pacers,Golden State Warriors,0.802169595,,,,Golden State Warriors,,Indiana Pacers,,,,,,,
Minnesota Timberwolves,Chicago Bulls,0.529427968,,,,Minnesota Timberwolves,,Chicago Bulls,,,,,,,
Toronto Raptors,Miami Heat,0.523119108,,,,Toronto Raptors,,Miami Heat,,,,,,,
New Orleans Pelicans,Detroit Pistons,0.566562995,,,,Detroit Pistons,,New Orleans Pelicans,,,,,,,
San Antonio Spurs,Oklahoma City Thunder,0.543743957,,,,San Antonio Spurs,,Oklahoma City Thunder,,,,,,,
Phoenix Suns,Charlotte Hornets,0.578810565,,,,Charlotte Hornets,,Phoenix Suns,,,,,,,
Los Angeles Lakers,Utah Jazz,0.63217735,,,,Los Angeles Lakers,,Utah Jazz,,,,,,,
Philadelphia 76ers,Dallas Mavericks,0.55217684,,,,Dallas Mavericks,,Philadelphia 76ers,,,,,,,
Brooklyn Nets,Orlando Magic,0.500272366,,,,Orlando Magic,,Brooklyn Nets,,,,,,,
Sacramento Kings,New York Knicks,0.743007283,,,,Sacramento Kings,,New York Knicks,,,,,,,
Los Angeles Clippers,Memphis Grizzlies,0.754289647,,,,Los Angeles Clippers,,Memphis Grizzlies,,,,,,,
Denver Nuggets,Washington Wizards,0.766854017,,,,Washington Wizards,,Denver Nuggets,,,,,,,
Milwaukee Bucks,New Orleans Pelicans,0.767402166,,,,New Orleans Pelicans,,Milwaukee Bucks,,,,,,,
Boston Celtics,Indiana Pacers,0.626294008,,,,Indiana Pacers,,Boston Celtics,,,,,,,
Toronto Raptors,Houston Rockets,0.587175733,,,,Houston Rockets,,Toronto Raptors,,,,,,,
Phoenix Suns,Chicago Bulls,0.604430029,,,,Phoenix Suns,,Chicago Bulls,,,,,,,
Sacramento Kings,Detroit Pistons,0.77620616,,,,Sacramento Kings,,Detroit Pistons,,,,,,,
Los Angeles Clippers,Memphis Grizzlies,0.754289647,,,,Los Angeles Clippers,,Memphis Grizzlies,,,,,,,
Miami Heat,Utah Jazz,0.566155236,,,,Utah Jazz,,Miami Heat,,,,,,,
Oklahoma City Thunder,Atlanta Hawks,0.791679461,,,,Atlanta Hawks,,Oklahoma City Thunder,,,,,,,
Charlotte Hornets,Golden State Warriors,0.792101057,,,,Charlotte Hornets,,Golden State Warriors,,,,,,,
Los Angeles Lakers,Portland Trail Blazers,0.629075778,,,,Portland Trail Blazers,,Los Angeles Lakers,,,,,,,
Philadelphia 76ers,Cleveland Cavaliers,0.836058556,,,,Cleveland Cavaliers,,Philadelphia 76ers,,,,,,,
Minnesota Timberwolves,Washington Wizards,0.549721164,,,,Minnesota Timberwolves,,Washington Wizards,,,,,,,
Indiana Pacers,New York Knicks,0.791217526,,,,Indiana Pacers,,New York Knicks,,,,,,,
Denver Nuggets,Oklahoma City Thunder,0.554730128,,,,Denver Nuggets,,Oklahoma City Thunder,,,,,,,
Utah Jazz,Orlando Magic,0.743807072,,,,Utah Jazz,,Orlando Magic,,,,,,,
San Antonio Spurs,New Orleans Pelicans,0.613124175,,,,New Orleans Pelicans,,San Antonio Spurs,,,,,,,
Dallas Mavericks,Brooklyn Nets,0.622633286,,,,Dallas Mavericks,,Brooklyn Nets,,,,,,,
Milwaukee Bucks,Los Angeles Clippers,0.51215811,,,,Los Angeles Clippers,,Milwaukee Bucks,,,,,,,
Boston Celtics,Washington Wizards,0.777321511,,,,Washington Wizards,,Boston Celtics,,,,,,,
Toronto Raptors,Chicago Bulls,0.799747551,,,,Chicago Bulls,,Toronto Raptors,,,,,,,
New York Knicks,Detroit Pistons,0.716649493,,,,New York Knicks,,Detroit Pistons,,,,,,,
Houston Rockets,Memphis Grizzlies,0.761861217,,,,Memphis Grizzlies,,Houston Rockets,,,,,,,
Los Angeles Lakers,Golden State Warriors,0.880356097,,,,Golden State Warriors,,Los Angeles Lakers,,,,,,,
Miami Heat,Atlanta Hawks,0.859183613,,,,Atlanta Hawks,,Miami Heat,,,,,,,
Phoenix Suns,Minnesota Timberwolves,0.682813676,,,,Phoenix Suns,,Minnesota Timberwolves,,,,,,,
Sacramento Kings,Charlotte Hornets,0.539890619,,,,Charlotte Hornets,,Sacramento Kings,,,,,,,
Dallas Mavericks,Orlando Magic,0.717455022,,,,Dallas Mavericks,,Orlando Magic,,,,,,,
Philadelphia 76ers,Indiana Pacers,0.603396585,,,,Indiana Pacers,,Philadelphia 76ers,,,,,,,
Utah Jazz,New Orleans Pelicans,0.775166143,,,,Utah Jazz,,New Orleans Pelicans,,,,,,,
San Antonio Spurs,Brooklyn Nets,0.543268359,,,,Brooklyn Nets,,San Antonio Spurs,,,,,,,
Houston Rockets,Cleveland Cavaliers,0.858643786,,,,Cleveland Cavaliers,,Houston Rockets,,,,,,,
Denver Nuggets,Chicago Bulls,0.825318302,,,,Denver Nuggets,,Chicago Bulls,,,,,,,
Portland Trail Blazers,Charlotte Hornets,0.673160814,,,,Charlotte Hornets,,Portland Trail Blazers,,,,,,,
Memphis Grizzlies,Washington Wizards,0.67027448,,,,Memphis Grizzlies,,Washington Wizards,,,,,,,
Los Angeles Clippers,Boston Celtics,0.517016402,,,,Los Angeles Clippers,,Boston Celtics,,,,,,,
Miami Heat,Atlanta Hawks,0.859183613,,,,Atlanta Hawks,,Miami Heat,,,,,,,
Toronto Raptors,Detroit Pistons,0.870934556,,,,Detroit Pistons,,Toronto Raptors,,,,,,,
San Antonio Spurs,New York Knicks,0.61922516,,,,New York Knicks,,San Antonio Spurs,,,,,,,
Milwaukee Bucks,Denver Nuggets,0.568664068,,,,Denver Nuggets,,Milwaukee Bucks,,,,,,,
Los Angeles Lakers,Phoenix Suns,0.830935416,,,,Phoenix Suns,,Los Angeles Lakers,,,,,,,
Indiana Pacers,Cleveland Cavaliers,0.841601521,,,,Indiana Pacers,,Cleveland Cavaliers,,,,,,,
Philadelphia 76ers,Utah Jazz,0.518863927,,,,Utah Jazz,,Philadelphia 76ers,,,,,,,
Houston Rockets,Brooklyn Nets,0.704366622,,,,Brooklyn Nets,,Houston Rockets,,,,,,,
Charlotte Hornets,Minnesota Timberwolves,0.686236742,,,,Charlotte Hornets,,Minnesota Timberwolves,,,,,,,
Chicago Bulls,New Orleans Pelicans,0.563821988,,,,Chicago Bulls,,New Orleans Pelicans,,,,,,,
Orlando Magic,Atlanta Hawks,0.616919501,,,,Atlanta Hawks,,Orlando Magic,,,,,,,
Dallas Mavericks,Oklahoma City Thunder,0.528655992,,,,Oklahoma City Thunder,,Dallas Mavericks,,,,,,,
Portland Trail Blazers,Golden State Warriors,0.758028792,,,,Golden State Warriors,,Portland Trail Blazers,,,,,,,
Los Angeles Lakers,Sacramento Kings,0.793378379,,,,Los Angeles Lakers,,Sacramento Kings,,,,,,,
Toronto Raptors,Boston Celtics,0.546495206,,,,Toronto Raptors,,Boston Celtics,,,,,,,
Los Angeles Clippers,Washington Wizards,0.865560197,,,,Los Angeles Clippers,,Washington Wizards,,,,,,,
Denver Nuggets,Indiana Pacers,0.533069375,,,,Denver Nuggets,,Indiana Pacers,,,,,,,
Milwaukee Bucks,Memphis Grizzlies,0.733482584,,,,Milwaukee Bucks,,Memphis Grizzlies,,,,,,,
Miami Heat,New Orleans Pelicans,0.819305328,,,,Miami Heat,,New Orleans Pelicans,,,,,,,
Oklahoma City Thunder,San Antonio Spurs,0.542276587,,,,Oklahoma City Thunder,,San Antonio Spurs,,,,,,,
Phoenix Suns,Golden State Warriors,0.676400603,,,,Golden State Warriors,,Phoenix Suns,,,,,,,
Portland Trail Blazers,Sacramento Kings,0.55893121,,,,Sacramento Kings,,Portland Trail Blazers,,,,,,,
